dd;mm;zz;pp;departamento;municipio;puesto;mujeres;hombres;total;mesas;comuna;direcci¢n
21;001;01;01;MAGDALENA;SANTA MARTA;I.E.D. LICEO DEL SUR VICTOR DE LIMA;3604;3026;6630;20;01LOC.1TAYRONA S.PEDRO ALEJANDR;CALLE 32 No 2-17
21;001;01;02;MAGDALENA;SANTA MARTA;IED LIC DEL SUR VICTOR DE LIMA SD 2 M.M;2348;3257;5605;17;01LOC.1TAYRONA S.PEDRO ALEJANDR;CALLE 30 No 4-36
21;001;01;03;MAGDALENA;SANTA MARTA;I.E.D JACQUELINE KENNEDY;5561;3945;9506;28;01LOC.1TAYRONA S.PEDRO ALEJANDR;CARRERA 16 CALLE 35 B ESQUINA MARIA EUGENIA
21;001;01;04;MAGDALENA;SANTA MARTA;IED JACQUELINE KENNEDY SD 2 PRE LA CAND.;1025;1858;2883;9;01LOC.1TAYRONA S.PEDRO ALEJANDR;CALLE 35 CON CARRERA 16 EQUINA B. MARIA EUGENIA
21;001;01;05;MAGDALENA;SANTA MARTA;IED JACQUELINE KENNEDY SD 4 PRIM DE MAYO;2571;2450;5021;15;01LOC.1TAYRONA S.PEDRO ALEJANDR;CALLE 33 CARRERA 16 ANTIGUO IPC
21;001;01;06;MAGDALENA;SANTA MARTA;IED JACQUELINE KENNEDY SD 5 MARIA EUG.;1004;892;1896;6;01LOC.1TAYRONA S.PEDRO ALEJANDR;CRA 15 No 37 - 41
21;001;01;07;MAGDALENA;SANTA MARTA;IED LIC DEL SUR VICTOR DE LIMA SD03 CTR;31;21;52;1;01LOC.1TAYRONA S.PEDRO ALEJANDR;KR 5 35 01
21;001;01;08;MAGDALENA;SANTA MARTA;IED NUEVO AMANECER CON DIOS SD 01;29;33;62;1;01LOC.1TAYRONA S.PEDRO ALEJANDR;KR 78 A 27 72
21;001;01;09;MAGDALENA;SANTA MARTA;IED TêCNICA INEM SIMON BOLIVAR SD 02;49;59;108;1;01LOC.1TAYRONA S.PEDRO ALEJANDR;CL 29 C 24 10
21;001;01;10;MAGDALENA;SANTA MARTA;IED SD03 ESC MIXTA ONCE DE NOVIEMBRE N:1;129;134;263;1;01LOC.1TAYRONA S.PEDRO ALEJANDR;CARRERA 68 N:36-08
21;001;02;01;MAGDALENA;SANTA MARTA;I.E.D.EL PANDO;5920;5988;11908;35;01LOC.1TAYRONA S.PEDRO ALEJANDR;MANZANA 23 EL PANDO(CL 35 A No. 18-93)
21;001;02;02;MAGDALENA;SANTA MARTA;IED EL PANDO SEDE 2 JOSE CELEDON GARCIA;1756;2979;4735;14;01LOC.1TAYRONA S.PEDRO ALEJANDR;CRA 21 No 43-136 VIA GAIRA
21;001;02;03;MAGDALENA;SANTA MARTA;I.E.D.EL PARQUE;6520;3907;10427;31;01LOC.1TAYRONA S.PEDRO ALEJANDR;CALLE 40 No.24-05 MZ 30 CASA 13 URBA. EL PARQUE
21;001;02;04;MAGDALENA;SANTA MARTA;I.E.D LIBANO;4252;4429;8681;26;01LOC.1TAYRONA S.PEDRO ALEJANDR;CARRERA 36 No. 44-18 URBANIZACION EL LIBANO
21;001;02;05;MAGDALENA;SANTA MARTA;I.E.D.SAN FCO.JAVIER DE GARAGO;5622;4514;10136;30;01LOC.1TAYRONA S.PEDRO ALEJANDR;CARRERA 72 A No. 27 E-55 BR. GARAGOA
21;001;02;06;MAGDALENA;SANTA MARTA;UNIVERSIDAD ANTONIO NARI•O;2509;2098;4607;14;01LOC.1TAYRONA S.PEDRO ALEJANDR;CLL 30 No 49-46 TRONCAL DEL CARIBE
21;001;02;07;MAGDALENA;SANTA MARTA;UNIVERSIDAD DEL MAGDALENA;7312;5970;13282;39;01LOC.1TAYRONA S.PEDRO ALEJANDR;CRA 32 No 22-08
21;001;02;08;MAGDALENA;SANTA MARTA;IED ONCE DE NOVIEMBRE;3993;3284;7277;22;01LOC.1TAYRONA S.PEDRO ALEJANDR;CRA 74 No 33-20 B. 11 DE NOVIEMBRE
21;001;02;09;MAGDALENA;SANTA MARTA;IED EL LIBANO SEDE 02;6052;3942;9994;30;01LOC.1TAYRONA S.PEDRO ALEJANDR;CLL 48 CON 26B
21;001;02;10;MAGDALENA;SANTA MARTA;IED 20 DE OCTUBRE SEDE 1;635;548;1183;4;01LOC.1TAYRONA S.PEDRO ALEJANDR;CLL 33 No 87 -12
21;001;03;01;MAGDALENA;SANTA MARTA;I.E.D. NORMAL SUPERIOR SAN PEDRO;5462;4726;10188;30;01LOC.1TAYRONA S.PEDRO ALEJANDR;CRA.35 No.29-280 AL LADO DE LA QUINTA DE SAN PEDRO
21;001;03;02;MAGDALENA;SANTA MARTA;IED JUAN MAIGUEL DE OSUNA;4554;4181;8735;26;01LOC.1TAYRONA S.PEDRO ALEJANDR;CRA 35 No 29B-63 SECTOR MAMATOCO
21;001;03;03;MAGDALENA;SANTA MARTA;I.E.D.ALUNA MEGA COLEGIO CISNE;4957;3648;8605;26;01LOC.1TAYRONA S.PEDRO ALEJANDR;CARRERA 66 No. 55-49 VIA MINCA
21;001;03;04;MAGDALENA;SANTA MARTA;IED PEDAG. DEL CARIBE SD CIUDAD EQUIDAD;2252;1856;4108;12;01LOC.1TAYRONA S.PEDRO ALEJANDR;CRA 66 No 50 06 MANZANA 9 CIUDAD EQUIDAD
21;001;03;05;MAGDALENA;SANTA MARTA;IED SIMON RODRIGUEZ SEDE 01;637;503;1140;4;01LOC.1TAYRONA S.PEDRO ALEJANDR;DIAGONAL 35 No 7-80
21;001;04;01;MAGDALENA;SANTA MARTA;I.E.D.HUGO J. BERMUDEZ;3567;5155;8722;26;02LOC.2HIST.RODRIGO DE BASTIDAS;CALLE 19 Nß 7-27 CENTRO HISTORICO
21;001;04;02;MAGDALENA;SANTA MARTA;I.E.D.HUGO J.BERMUDEZ S.LA.ESP;884;5999;6883;21;02LOC.2HIST.RODRIGO DE BASTIDAS;CALLE 24 No. 6 - 37 B. LA ESPERANZA
21;001;04;03;MAGDALENA;SANTA MARTA;I.E.D.LICEO SAMARIO;4375;3525;7900;23;02LOC.2HIST.RODRIGO DE BASTIDAS;CALLE 27 Nß 7B- 111 TAMINACA
21;001;04;04;MAGDALENA;SANTA MARTA;IED ANTONIO NARI•O SEDE 1;944;933;1877;6;02LOC.2HIST.RODRIGO DE BASTIDAS;CLL 24 No 1C - 54
21;001;05;01;MAGDALENA;SANTA MARTA;LICEO SAMARIO SD.2 BAV.BOSTON;3069;2851;5920;18;02LOC.2HIST.RODRIGO DE BASTIDAS;CALLE 28 No. 15 - 87 BAVARIA
21;001;05;02;MAGDALENA;SANTA MARTA;IED LICEO CELEDON;7731;2635;10366;31;02LOC.2HIST.RODRIGO DE BASTIDAS;AV LIBERTADOR No 14-98
21;001;05;03;MAGDALENA;SANTA MARTA;IED LA INDUSTRIAL;6343;2839;9182;27;02LOC.2HIST.RODRIGO DE BASTIDAS;CRA 14A No 16-111 BARRIO CUNDI
21;001;05;04;MAGDALENA;SANTA MARTA;I.E.D.FCO.DE PAULA SANTANDER;3549;5377;8926;26;02LOC.2HIST.RODRIGO DE BASTIDAS;CARRERA 12 Nß 17 A- 76
21;001;05;05;MAGDALENA;SANTA MARTA;I.E.D.MAGDALENA;5834;3699;9533;28;02LOC.2HIST.RODRIGO DE BASTIDAS;AV LIBERTADOR 17 - 22
21;001;05;06;MAGDALENA;SANTA MARTA;IED MAGD SEDE 3 ESCUELA SAN JOSE;1087;1914;3001;9;02LOC.2HIST.RODRIGO DE BASTIDAS;CARRERA 17 No. 16 - 48 B. SAN JOSE
21;001;05;07;MAGDALENA;SANTA MARTA;IED LICEO EL SABER;832;735;1567;5;02LOC.2HIST.RODRIGO DE BASTIDAS;CARRERA 21 No 20 - 27
21;001;05;08;MAGDALENA;SANTA MARTA;IED MAGDALENA SEDE 2 SANTA CATALINA;2138;1657;3795;12;02LOC.2HIST.RODRIGO DE BASTIDAS;CARRERA 18 A No 26 B - 27
21;001;06;01;MAGDALENA;SANTA MARTA;I.E.D. RODRIGO BASTIDAS;7540;5066;12606;37;02LOC.2HIST.RODRIGO DE BASTIDAS;CALLE 9 C No. 34-100
21;001;06;02;MAGDALENA;SANTA MARTA;HOGAR INFANTIL BASTIDAS;1952;2770;4722;14;02LOC.2HIST.RODRIGO DE BASTIDAS;CARRERA 34 B No. 10-36
21;001;06;03;MAGDALENA;SANTA MARTA;IED RODRIGO DE BASTIDAS SD 17 DE DIC;1865;1786;3651;11;02LOC.2HIST.RODRIGO DE BASTIDAS;CLL 8B No 30-50 B. 17 DE DICIEMBRE
21;001;06;04;MAGDALENA;SANTA MARTA;I.E.D.NICOLAS BUENAVENTURA;4492;3877;8369;25;02LOC.2HIST.RODRIGO DE BASTIDAS;CARRERA 51 No.7B -09 BARRIO LUIS R CALVO
21;001;06;05;MAGDALENA;SANTA MARTA;I.E.D. ONDAS DEL CARIBE;1968;1541;3509;11;02LOC.2HIST.RODRIGO DE BASTIDAS;CRA 53 No 10 A - 21
21;001;06;06;MAGDALENA;SANTA MARTA;I.E.D LAURA VICU•A;1960;4865;6825;20;02LOC.2HIST.RODRIGO DE BASTIDAS;CR. 12 Nro.9-04 B. MIRAFLORES
21;001;06;07;MAGDALENA;SANTA MARTA;I.E.D.ESC.NORMAL SUP.MARIA AUX;3945;1671;5616;17;02LOC.2HIST.RODRIGO DE BASTIDAS;CALLE 9 No. 12 - 05
21;001;06;08;MAGDALENA;SANTA MARTA;IED EL CARMEN;3781;2346;6127;18;02LOC.2HIST.RODRIGO DE BASTIDAS;CALLE 6 No. 8 -75
21;001;06;09;MAGDALENA;SANTA MARTA;IED RODRIGO GALVAN DE BASTIDAS;3369;2660;6029;18;02LOC.2HIST.RODRIGO DE BASTIDAS;DIAG. 32 No 30-38 AV LIBERTADOR
21;001;06;10;MAGDALENA;SANTA MARTA;IED PANTANO SEDE 01;457;329;786;3;02LOC.2HIST.RODRIGO DE BASTIDAS;CRA 46 No 12 - 05
21;001;07;01;MAGDALENA;SANTA MARTA;I.E.D.MADRE LAURA;2961;3878;6839;20;02LOC.2HIST.RODRIGO DE BASTIDAS;CARRERA 8 No. 5 - 21 B. PESCAITO
21;001;07;02;MAGDALENA;SANTA MARTA;I.E.D.LICEO DEL NORTE;4854;3359;8213;24;02LOC.2HIST.RODRIGO DE BASTIDAS;CARRERA 19 No. 7B-41
21;001;07;03;MAGDALENA;SANTA MARTA;I.E.D. ALFONSO LOPEZ;3911;3976;7887;23;02LOC.2HIST.RODRIGO DE BASTIDAS;CARRERA 21D No. 9B - 36 B. ALFONSO LOPEZ
21;001;07;04;MAGDALENA;SANTA MARTA;IED JHON F KENNEDY;860;823;1683;5;02LOC.2HIST.RODRIGO DE BASTIDAS;CALLE 6 No 6-11
21;001;07;05;MAGDALENA;SANTA MARTA;IED LICEO DEL NORTE SEDE 2 MIXTA No 3;3413;2617;6030;18;02LOC.2HIST.RODRIGO DE BASTIDAS;CALLE 7 No 16 C -08
21;001;07;06;MAGDALENA;SANTA MARTA;IED SAN FERNANDO SEDE 01;586;454;1040;4;02LOC.2HIST.RODRIGO DE BASTIDAS;CLL 4 No 21 E 11
21;001;07;07;MAGDALENA;SANTA MARTA;IED OLIVOS SEDE 01;266;210;476;2;02LOC.2HIST.RODRIGO DE BASTIDAS;CLL 11 No 21 - 41
21;001;07;08;MAGDALENA;SANTA MARTA;IED OLIVOS SEDE 02 JUAN XXIII;360;279;639;2;02LOC.2HIST.RODRIGO DE BASTIDAS;CRA 24 No 10A - 63
21;001;07;09;MAGDALENA;SANTA MARTA;IED 20 DE JULIO;20;34;54;1;02LOC.2HIST.RODRIGO DE BASTIDAS;CALLE 7 NO 17 - 35
21;001;08;01;MAGDALENA;SANTA MARTA;I.E.D.JOSE LABORDE GNECCO;4376;5299;9675;29;03LOC.3TURISTICA PERLA DEL CARIB;CARRERA 15 No. 6-24 GAIRA
21;001;08;02;MAGDALENA;SANTA MARTA;I.E.D CAMILO TORRES DE GAIRA;6222;3452;9674;29;03LOC.3TURISTICA PERLA DEL CARIB;CALLE.6 Nro. 10-21 GAIRA
21;001;08;03;MAGDALENA;SANTA MARTA;IED CAMILO TORRES DE GAIRA SD ISABEL P.F;2966;3595;6561;20;03LOC.3TURISTICA PERLA DEL CARIB;CALLE 6 CON CARRERA 11 ESQUINA GAIRA
21;001;08;04;MAGDALENA;SANTA MARTA;I.E.D.LA PAZ, MEGA COL. LA PAZ;5293;4861;10154;30;03LOC.3TURISTICA PERLA DEL CARIB;CALLE 108 ENTRE CARRERAS 10 Y 11
21;001;08;05;MAGDALENA;SANTA MARTA;IED CRISTO REY;2155;1882;4037;12;03LOC.3TURISTICA PERLA DEL CARIB;CLL 147 No 4-47 B. CRISTO REY
21;001;08;06;MAGDALENA;SANTA MARTA;SEDE RECREATIVA COOEDUMAG;2682;2247;4929;15;03LOC.3TURISTICA PERLA DEL CARIB;CALLE 21A CRA 2A ESQUINA, AVENIDA TAMACµ
21;001;08;07;MAGDALENA;SANTA MARTA;IED GABRIELA MISTRAL SD 2 KINDER M AUX;1696;1449;3145;10;03LOC.3TURISTICA PERLA DEL CARIB;CALLE 14 No 11 - 101
21;001;08;08;MAGDALENA;SANTA MARTA;IED JESUS ESPELETA FAJARDO;1972;1867;3839;12;03LOC.3TURISTICA PERLA DEL CARIB;CARRERA 7 No 116 A - 71 BARRIO LA PAZ
21;001;08;09;MAGDALENA;SANTA MARTA;IED SIMON BOLIVAR DE GAIRA SEDE 01;1031;974;2005;6;03LOC.3TURISTICA PERLA DEL CARIB;CRA 10 No 18 - 83
21;001;08;10;MAGDALENA;SANTA MARTA;IED BEATRIZ GUTIERREZ DE VIVES;505;460;965;3;03LOC.3TURISTICA PERLA DEL CARIB;CLL 13B No 16 - 73
21;001;08;11;MAGDALENA;SANTA MARTA;IED DON JACA SEDE BAJA;179;196;375;2;03LOC.3TURISTICA PERLA DEL CARIB;CLL 188 No 4 -103
21;001;90;01;MAGDALENA;SANTA MARTA;IED TEC INEM SIMON BOLIVAR DE MAMATOCO;8064;7133;15197;20;;CLL 29 No 31-480 MAMATOCO
21;001;98;01;MAGDALENA;SANTA MARTA;CARCEL;60;590;650;2;;CALLE 24 NRO 17 -02 B. ALCAZARES
21;001;99;01;MAGDALENA;SANTA MARTA;IED BONDA SEDE 02 SANTA ANA;1312;1235;2547;8;01LOC.1TAYRONA S.PEDRO ALEJANDR;CLL 9 No 19 -14
21;001;99;02;MAGDALENA;SANTA MARTA;BONDA;3453;3218;6671;20;01LOC.1TAYRONA S.PEDRO ALEJANDR;IED BONDA CLL 5 No 12A-23 COL AMARILLO
21;001;99;03;MAGDALENA;SANTA MARTA;GUACHACA;3403;4093;7496;22;01LOC.1TAYRONA S.PEDRO ALEJANDR;IED TEC GUACHACA TRON DEL CAR KM42-CLL 2 No 3-21
21;001;99;04;MAGDALENA;SANTA MARTA;CALABAZO;810;905;1715;5;01LOC.1TAYRONA S.PEDRO ALEJANDR;SD CALABAZO  IED LA REVUELTA TRON. DEL CAR. KM 21
21;001;99;05;MAGDALENA;SANTA MARTA;TAGANGA;1919;1910;3829;12;02LOC.2HIST.RODRIGO DE BASTIDAS;CLL 10 No 1-34 SD LA PLAYA - IED TAGANGA
21;001;99;07;MAGDALENA;SANTA MARTA;MINCA;895;1049;1944;6;03LOC.3TURISTICA PERLA DEL CARIB;CLL 1 N 5-160 IED TEC DE MINCA
21;001;99;08;MAGDALENA;SANTA MARTA;LA TAGUA;201;281;482;2;03LOC.3TURISTICA PERLA DEL CARIB;IED LA TAGUA - CGTO DE MINCA KM 25
21;001;99;13;MAGDALENA;SANTA MARTA;EL CAMPANO;171;270;441;2;03LOC.3TURISTICA PERLA DEL CARIB;IED AGROINDUSTRIAL SAGRADO CORAZON DE JESUS
21;001;99;15;MAGDALENA;SANTA MARTA;IED JULIO JOSE CEBALLOS OSPINO SD 01;171;188;359;2;01LOC.1TAYRONA S.PEDRO ALEJANDR;TRONCAL DEL CARIBE KM 42 VIA RIOHACHA
21;001;99;17;MAGDALENA;SANTA MARTA;IED PALOMINITO;462;402;864;3;01LOC.1TAYRONA S.PEDRO ALEJANDR;TRONCAL DEL CARIBE KM 71.9 VDA MARQUETALIA
21;001;99;19;MAGDALENA;SANTA MARTA;IED MOSQUITO;144;119;263;1;03LOC.3TURISTICA PERLA DEL CARIB;VEREDA EL MOSQUITO
21;001;99;20;MAGDALENA;SANTA MARTA;INS ETNOEDUC DIST INTERCULTURAL EL MAMEY;0;2;2;1;01LOC.1TAYRONA S.PEDRO ALEJANDR;VEREDA MACHETE PELAO
21;001;99;21;MAGDALENA;SANTA MARTA;I ETNOEDUC DIST INTERCULTURAL LA REVUELT;5;11;16;1;01LOC.1TAYRONA S.PEDRO ALEJANDR;KM. 27 VIA SANTA MARTA - RIOHACHA
21;008;00;00;MAGDALENA;ALGARROBO;PUESTO CABECERA MUNICIPAL;4194;4527;8721;26;;CRA 15 No 10-56 BARRIO 26 DE JULIO
21;008;99;10;MAGDALENA;ALGARROBO;BELLAVISTA;219;274;493;2;;INTITUCION EDUCATIVA DPAL SEDE BELLAVISTA
21;008;99;20;MAGDALENA;ALGARROBO;RIOMAR;79;75;154;1;;I.E.D. LOMA DEL BALSAMO SEDE INMACULADA CONCEPCION
21;008;99;30;MAGDALENA;ALGARROBO;LA ESTACION LLERAS;184;227;411;2;;INSTITUTO EDUCATIVO DPTAL LLERAS
21;008;99;35;MAGDALENA;ALGARROBO;LOMA DE BALSAMO;716;804;1520;5;;INSTITUTO EDUCATIVO LOMA DEL BALSAMO
21;010;01;01;MAGDALENA;ARACATACA;INS.EDUCATIVA ELVIA VIZCAINO T;1664;4580;6244;19;;CARRERA 5 #3A-130
21;010;01;02;MAGDALENA;ARACATACA;JHON F. KENEDDY;2955;2032;4987;15;;CLL 10 CRA 5 ESQUINA
21;010;02;01;MAGDALENA;ARACATACA;CERES;2908;1300;4208;13;;CLL 6 # 3E - 56 BARRIO EL PRADITO
21;010;02;02;MAGDALENA;ARACATACA;INST. EDUCATIVA SAN MARTIN;3524;3165;6689;20;;CLL 1 SUR # 15E-50
21;010;99;01;MAGDALENA;ARACATACA;BUENOS AIRES;1557;1524;3081;9;;CLL 3 No 5A - 24
21;010;99;05;MAGDALENA;ARACATACA;AGUA BENDITA;114;243;357;2;;CASA COMUNAL
21;010;99;20;MAGDALENA;ARACATACA;CAUCA;346;396;742;3;;Escuela Rural de Cauca
21;010;99;25;MAGDALENA;ARACATACA;CERRO AZUL;422;577;999;3;;Escuela Rural de Cerrro Azul
21;010;99;30;MAGDALENA;ARACATACA;MACARAQUILLA;82;144;226;1;;Escuela Rural de Macaraquilla
21;010;99;40;MAGDALENA;ARACATACA;RIO DE PIEDRA;96;161;257;1;;Escuela Rural de Rio de Piedra
21;010;99;75;MAGDALENA;ARACATACA;SAMPUES;1289;1213;2502;8;;Esc. Rural Mixta Sampues
21;010;99;80;MAGDALENA;ARACATACA;TRANQUILANDIA;61;114;175;1;;ESCUELA MIXTA LA ESMERLDA
21;010;99;85;MAGDALENA;ARACATACA;TEHOBROMINA;169;178;347;2;;CENTRO EDUCATIVO SAN JOSE
21;012;01;01;MAGDALENA;ARIGUANI (EL DIFICIL);LICEO ARIGUANI;6787;7821;14608;43;;CARRERA 5 No 1A - 75
21;012;01;02;MAGDALENA;ARIGUANI (EL DIFICIL);ESCUELA MIXTA COMUNAL EL CONGO;2713;2281;4994;15;;CARRERA 1C #4-43
21;012;02;01;MAGDALENA;ARIGUANI (EL DIFICIL);ESCUELA MIXTA COMUNAL 8 DE DICIEMBRE;50;65;115;1;;CARRERA 8 # 3A-31
21;012;02;02;MAGDALENA;ARIGUANI (EL DIFICIL);EMC SIMON BOLIVAR;121;108;229;1;;CALLE 1B # 14-1
21;012;99;20;MAGDALENA;ARIGUANI (EL DIFICIL);EL CARMEN DE ARIGUANI;634;831;1465;5;;CALLE PRINCIPAL CARMEN DE ARIGUANI
21;012;99;30;MAGDALENA;ARIGUANI (EL DIFICIL);ALEJANDRIA;128;206;334;1;;CALLE PRINCIPAL ALEJANDRIA
21;012;99;35;MAGDALENA;ARIGUANI (EL DIFICIL);PUEBLO NUEVO;1614;1758;3372;10;;IED BENJAMIN HERRERA
21;012;99;70;MAGDALENA;ARIGUANI (EL DIFICIL);SAN JOSE DE ARIGUANI;89;145;234;1;;CALLE PRINCIPAL
21;013;00;00;MAGDALENA;CERRO DE SAN ANTONIO;PUESTO CABECERA MUNICIPAL;2773;3051;5824;17;;Inst Basica y Media San Antonio antigua sede 1
21;013;99;05;MAGDALENA;CERRO DE SAN ANTONIO;CANDELARIA;522;607;1129;4;;C.E Institucion Basica y Media Candelaria
21;013;99;09;MAGDALENA;CERRO DE SAN ANTONIO;CONCEPCION (COCOSOLO);490;507;997;3;;C.E Insttucion Basica y Media Concepcion
21;013;99;21;MAGDALENA;CERRO DE SAN ANTONIO;PUERTO NI•O;375;414;789;3;;C.E Institucion Basica y Media Puerto Ni§o
21;013;99;30;MAGDALENA;CERRO DE SAN ANTONIO;JESUS DEL MONTE;243;298;541;2;;C.E Institucion Basica y Media Jesus del Monrte
21;015;00;00;MAGDALENA;CHIVOLO;PUESTO CABECERA MUNICIPAL;5955;6724;12679;37;;IED LICEO SANTANDER SEDE BACHILLERATO
21;015;99;10;MAGDALENA;CHIVOLO;EL PLAN;105;170;275;1;;I.E.D. Francisco Jose de Caldas sede el Plan
21;015;99;30;MAGDALENA;CHIVOLO;LA POLA;129;174;303;1;;I.E.D. Santa Rosa de Lima Sede los Tres Angeles
21;015;99;45;MAGDALENA;CHIVOLO;LA CHINA;518;664;1182;4;;I.E.D. Santa Rosa de Lima sede Principal
21;015;99;50;MAGDALENA;CHIVOLO;LA ESTRELLA;587;745;1332;4;;I.E.D. Fransisco Jose de Caldas sede Central
21;015;99;69;MAGDALENA;CHIVOLO;PUEBLO NUEVO;68;146;214;1;;I.E.D. Fransisco Jose de Caldas sede Pueblo Nuevo
21;016;01;01;MAGDALENA;CIENAGA;I.E. ISAAC J. PEREIRA;2579;6134;8713;26;01COMUNA 1 MAR CARIBE;CALLE 13 No. 8-32
21;016;01;02;MAGDALENA;CIENAGA;INFOTEP;3659;2501;6160;18;01COMUNA 1 MAR CARIBE;Calle 10 No. 12 -22
21;016;01;03;MAGDALENA;CIENAGA;COL VIRGINIA GOMEZ SD CUATRO;3003;1431;4434;13;01COMUNA 1 MAR CARIBE;CLL 9 ENTRE CRAS 17 Y 18
21;016;01;04;MAGDALENA;CIENAGA;I.E.LA MARIA;2204;2113;4317;13;01COMUNA 1 MAR CARIBE;CALLE 1 No. 14-45
21;016;01;05;MAGDALENA;CIENAGA;I.E.LA ALIANZA;877;725;1602;5;01COMUNA 1 MAR CARIBE;CALLE 5 No. 4 - 45
21;016;02;01;MAGDALENA;CIENAGA;I.E. SAN JUAN DEL CORDOBA;5925;6586;12511;37;02COMUNA 2 SAN JUAN DE CORDOBA;Calle 16 No. 21-17
21;016;02;02;MAGDALENA;CIENAGA;I.E.T.COMERCIO VIRGINIA GOMEZ;4631;2733;7364;22;02COMUNA 2 SAN JUAN DE CORDOBA;carrera 20 # 5B 22
21;016;02;03;MAGDALENA;CIENAGA;I.E.ENOC MENDOZA RIASCOS;3586;3182;6768;20;02COMUNA 2 SAN JUAN DE CORDOBA;CALLE 18  CRA 35
21;016;02;04;MAGDALENA;CIENAGA;I.E.LICEO MODERNO DEL SUR;4459;4064;8523;25;03COMUNA 3 CIENAGA GRANDE;CALLE 32 CRA  12 # 12-72
21;016;02;05;MAGDALENA;CIENAGA;I.E.LICEO MODERNO DEL SUR,SD.4;3197;2366;5563;17;03COMUNA 3 CIENAGA GRANDE;Calle 27 Kra 18
21;016;02;06;MAGDALENA;CIENAGA;I.E.EL CARMEN;2325;2010;4335;13;03COMUNA 3 CIENAGA GRANDE;CALLE 12  CRA 1A # 1C- 57
21;016;02;07;MAGDALENA;CIENAGA;I.E.MANUEL J. DEL CASTILLO;4954;4288;9242;27;04COMUNA 4 NUEVO HORIZONTE;Carrera 25 No. 22-50
21;016;02;08;MAGDALENA;CIENAGA;I.E. 12 DE OCTUBRE;725;543;1268;4;03COMUNA 3 CIENAGA GRANDE;CALLE 22 CRA 4
21;016;90;01;MAGDALENA;CIENAGA;IE VIRGINIA GOMEZ SEDE 3;2822;2729;5551;7;;CLL 7 CRA 15
21;016;99;04;MAGDALENA;CIENAGA;SAN PEDRO DE LA SIERRA;541;807;1348;4;05CORRG.  SN PEDRO DE LA SIERRA;I.E.R. AGROPECUARIO SAN PEDRO DE LA SIERRA
21;016;99;07;MAGDALENA;CIENAGA;PALMOR;1116;1536;2652;8;06CORREGIMIENTO PALMOR;I.E.R. AGROPECUARIO  ISABEL DE LA TRINIDAD
21;016;99;10;MAGDALENA;CIENAGA;LA ISABEL;263;303;566;2;;I.E. CARLOS GARCIA MAYORCA SEDE 2
21;016;99;13;MAGDALENA;CIENAGA;SIBERIA;218;353;571;2;07CORREGIMIENTO SIBERIA;I.E.R. SIBERIA
21;016;99;20;MAGDALENA;CIENAGA;SEVILLANO;1159;1246;2405;7;08CORREGIMIENTO SEVILLANO;I.E.R. SEVILLANO
21;016;99;21;MAGDALENA;CIENAGA;CORDOBITA;484;624;1108;4;09CORREGIMIENTO CORDOBITA;I.E.R. CARLOS GARCIA MAYORCA
21;016;99;25;MAGDALENA;CIENAGA;SAN JAVIER;334;446;780;3;10CORREGIMIENTO SAN JAVIER;I.E.R. SAN JAVIER
21;020;00;00;MAGDALENA;CONCORDIA;PUESTO CABECERA MUNICIPAL;2711;3039;5750;17;;CLL 3 # 12-100
21;020;99;05;MAGDALENA;CONCORDIA;BALSAMO;829;1062;1891;6;;Inst.Ed.Santa Cruz
21;020;99;10;MAGDALENA;CONCORDIA;BELLAVISTA;904;1017;1921;6;;Inst.Ed.L. M Caballero
21;020;99;35;MAGDALENA;CONCORDIA;ROSARIO DE CHENGUE;1242;1477;2719;8;;Inst.Ed. J.M Romero
21;025;01;01;MAGDALENA;EL BANCO;ESCUELA LUIS LOPEZ DE MEZA;3400;3921;7321;22;01COMUNA 1  SUR;CLL14 ENTRE CRA 5 Y 6
21;025;01;02;MAGDALENA;EL BANCO;COL. SANTA TERESA DE JESUS;3756;2836;6592;20;02COMUNA 2  CENTRAL;CRA 8 No. 3-30
21;025;01;03;MAGDALENA;EL BANCO;ESCUELA URBANA MIXTA LA CANDELARIA;346;339;685;2;01COMUNA 1  SUR;CRA 2 No 16A- 08
21;025;02;01;MAGDALENA;EL BANCO;I.E.D. JOSE BENITO BARROS PALO;4367;5022;9389;28;03COMUNA 3 NORTE;CL. 8 No. 20-08
21;025;02;02;MAGDALENA;EL BANCO;COL. ARCESIO CALIS AMADOR;2429;1565;3994;12;03COMUNA 3 NORTE;CRA 18 ENTRE CLLS 7 Y 8
21;025;02;03;MAGDALENA;EL BANCO;ESC. URBANA MIXTA LAS PALMAS SEDE No 2;657;589;1246;4;03COMUNA 3 NORTE;CLL 7 CARRETERA EL BANCO CHIMICHAGUA
21;025;90;01;MAGDALENA;EL BANCO;COLEGIO MARCO FIDEL SUAREZ;2120;2431;4551;6;;CARRERA 10 No. 5-10
21;025;98;01;MAGDALENA;EL BANCO;CARCEL DEL CIRCUITO;44;72;116;1;;CARRETERA VIA GUAMAL
21;025;99;01;MAGDALENA;EL BANCO;AGUAESTRADA;421;527;948;3;04CORREGIMIENTO 1 AGUAESTRADA;I.E.D ELECTO CALIZ MARTINEZ
21;025;99;05;MAGDALENA;EL BANCO;ALGARROBAL;532;671;1203;4;05CORREGIMIENTO 2 ALGARROBAL;I.E.D. ROBERTO ROBLES
21;025;99;07;MAGDALENA;EL BANCO;BARRANCO DE CHILLOA;349;445;794;3;06CORREG 3 BARRANCO DE CHILLOA;I.E.D RITA CUELLO DE VANEGAS
21;025;99;09;MAGDALENA;EL BANCO;BOTILLERO;250;295;545;2;;ESC. RURAL MIXTA NUESTRA SE•ORA DEL CARMEN
21;025;99;11;MAGDALENA;EL BANCO;BELEN;1135;1231;2366;7;07CORREGIMIENTO 4 BELEN;IED ANAXIMENES TORRES OSPINO
21;025;99;13;MAGDALENA;EL BANCO;CA•O DE PALMA;606;746;1352;4;08CORREGIMIENTO 5 CA•O DE PALMA;I.E.D OSCAR PISCIOTTI NUMA
21;025;99;17;MAGDALENA;EL BANCO;EL CEDRO;410;474;884;3;09CORREGIMIENTO 6 EL CEDRO;I.E.D PABLO NIEBLES
21;025;99;20;MAGDALENA;EL BANCO;EL CERRITO;652;678;1330;4;10CORREGIMIENTO 7 EL CERRITO;I.E.D JOSE DE LA PAZ VANEGAS
21;025;99;21;MAGDALENA;EL BANCO;EL TREBOL;396;482;878;3;11CORREGIMIENTO 8 EL TREBOL;I.E.D ENRIQUE QUINTERO JAIMES
21;025;99;22;MAGDALENA;EL BANCO;GARZON;108;107;215;1;;ESCUELA RURAL MIXTA GARZON
21;025;99;25;MAGDALENA;EL BANCO;HATILLO DE LA SABANA;599;629;1228;4;12CORR 9 HATILLO DE LA SABANA;ESCUELA RURAL MIXTA EL BUEN PASTOR
21;025;99;29;MAGDALENA;EL BANCO;LOS NEGRITOS (BASTIDAS);500;625;1125;4;13CORREGIMIE. 10 LOS NEGRITOS;I.E.D MITSILOU CAMPBELL
21;025;99;35;MAGDALENA;EL BANCO;MATA DE CA•A;154;174;328;1;;ESCUELA RURAL MIXTA DIVINO NI•O
21;025;99;36;MAGDALENA;EL BANCO;PUEBLO NUEVO;69;87;156;1;;ESCUELA RURAL MIXTA PUEBLO NUEVO
21;025;99;37;MAGDALENA;EL BANCO;MENCHIQUEJO;506;650;1156;4;14CORREGIMIENTO 11 MENCHIQUEJO;I.E. GILBERTO ACU•A RANGEL
21;025;99;38;MAGDALENA;EL BANCO;FELIPE EDUARDO;582;710;1292;4;15CORR. 12 FELIPE EDUARDO;IED MITSILOU CAMPBELL - SAN FELIPE SD No 5
21;025;99;39;MAGDALENA;EL BANCO;SAN JOSE;192;271;463;2;16CORREGIMIENTO 13 SAN JOSE;ESCUELA RURAL MIXTA SAN JOSE
21;025;99;40;MAGDALENA;EL BANCO;SAN ROQUE;447;532;979;3;17CORREGIMIENTO 14 SAN ROQUE;ESCUELA RURAL MIXTA NUESTRA SE•ORA DE FATIMA
21;025;99;41;MAGDALENA;EL BANCO;TAMALAMEQUITO;572;663;1235;4;18CORREG. 15 TAMALAMEQUITO;I.E.D SILVIA CORTES DE BISWELL
21;025;99;45;MAGDALENA;EL BANCO;SABANAS DE MALPICA;229;272;501;2;;ESCUELA RURAL MIXTA MALPICA
21;025;99;46;MAGDALENA;EL BANCO;SAN EDUARDO;191;211;402;2;;ESCUELA RURAL MIXTA SAN EDUARDO
21;028;00;00;MAGDALENA;EL PI•ON;PUESTO CABECERA MUNICIPAL;2758;2908;5666;17;;CLL 12 CRA 2 ESQUINA
21;028;99;01;MAGDALENA;EL PI•ON;CAMPOALEGRE;129;154;283;1;;INST. EDUC. BASICA RURAL
21;028;99;05;MAGDALENA;EL PI•ON;CANTAGALLAR;732;848;1580;5;;INST. DTAL. DE CANTAGALLAR
21;028;99;09;MAGDALENA;EL PI•ON;CARRETO;695;803;1498;5;;INST, DTAL. DE CARRETO ESCUELA DE NI•AS
21;028;99;10;MAGDALENA;EL PI•ON;LAS PAVITAS;147;199;346;2;;INST. EDUC. BASICA RURAL
21;028;99;13;MAGDALENA;EL PI•ON;PLAYON DE OROZCO;191;200;391;2;;INST. EDUC. BASICA RURAL
21;028;99;17;MAGDALENA;EL PI•ON;SABANAS;884;950;1834;6;;INST. EDUC. DPTAL DE SABANAS
21;028;99;21;MAGDALENA;EL PI•ON;SAN BASILIO;392;493;885;3;;INST. EDUC. BASICA RURAL
21;028;99;25;MAGDALENA;EL PI•ON;TIO GOLLO;488;598;1086;4;;INST. EDUC. DPTAL. EL CARMEN
21;028;99;43;MAGDALENA;EL PI•ON;VASQUEZ;164;187;351;2;;INST. EDUC. BASICA RURAL
21;028;99;45;MAGDALENA;EL PI•ON;VERANILLO;153;209;362;2;;INST. EDUC. BASICA RURAL
21;030;00;00;MAGDALENA;EL RETEN;PUESTO CABECERA MUNICIPAL;8023;8128;16151;47;;Cll 7 # 4 - 16 INS.EDU. Roque de Los Rios Valle
21;030;99;40;MAGDALENA;EL RETEN;LA COLOMBIA;245;237;482;2;;Ins. Edu. Departamental San Juan Bautista
21;030;99;70;MAGDALENA;EL RETEN;SAN SEBASTIAN DEL BONGO;135;155;290;1;;Ins. Edu. Tecnica Deptal Roque de Los Rios Valle
21;031;01;01;MAGDALENA;FUNDACION;PARQUE 7 DE AGOSTO;1944;3803;5747;17;;COL LA SAGRADA FAMILIA CRA 5 No 6-29
21;031;01;02;MAGDALENA;FUNDACION;IE COLOMBIA;3347;1852;5199;16;;CLL 7 CRA5 ESQUINA BARRIO CENTRO
21;031;01;03;MAGDALENA;FUNDACION;IED FUNDACION;4473;3229;7702;23;;CARRERA 8 No 18-94 B. COLEGIO INFUN
21;031;02;01;MAGDALENA;FUNDACION;I.E. JHON F. KENNEDY 16 DE JULIO;5420;7287;12707;37;;CLL 3 No 18-17 B. 16 DE JULIO
21;031;02;02;MAGDALENA;FUNDACION;C.D.I. LA LUZ;8411;5413;13824;41;;TRANSV. 28  DIAG 6-200 AEROPUERTO
21;031;02;03;MAGDALENA;FUNDACION;I.E.DEPTAL FCO DE PAULA SANTA;2317;2084;4401;13;;MANZANA N LOTE 22 BARRIO SIMON BOLIVAR
21;031;90;01;MAGDALENA;FUNDACION;JHON F. KENNEDY PPAL;2810;3186;5996;8;;CLL 9 No 9-126 B. ALFONSO LOPEZ
21;031;99;09;MAGDALENA;FUNDACION;DO•A MARIA;514;662;1176;4;;ESCUELA RURAL MIXTA DO•A MARIA
21;031;99;13;MAGDALENA;FUNDACION;SANTA ROSA DE LIMA;893;1064;1957;6;;ESCUELA RURAL MIXTA DE SANTA ROSA
21;031;99;40;MAGDALENA;FUNDACION;SACRAMENTO;323;476;799;3;;ESCUELA MIXTA AGROPECUARIA SACRAMENTO
21;031;99;80;MAGDALENA;FUNDACION;SANTA CLARA;876;1185;2061;6;;ESCUELA RURAL MIXTA DE SANTA C
21;040;00;00;MAGDALENA;GUAMAL;PUESTO CABECERA MUNICIPAL;4586;4925;9511;28;;CALLE 11 CARRERA 8 ESQUINA
21;040;99;01;MAGDALENA;GUAMAL;GUAIMARAL;559;703;1262;4;;I.E.D. SAGRADO CORAZON DE JESUS
21;040;99;02;MAGDALENA;GUAMAL;BELLAVISTA;136;151;287;1;;KZ - CORREGIMIENTO
21;040;99;03;MAGDALENA;GUAMAL;CASA DE TABLA;175;206;381;2;;ESC. - CORREGIMIENTO
21;040;99;04;MAGDALENA;GUAMAL;LAS FLORES;261;331;592;2;;CAZETA DEL CORREGIMIENTO
21;040;99;05;MAGDALENA;GUAMAL;HATOVIEJO;345;413;758;3;;ESC. - CORREGIMIENTO
21;040;99;06;MAGDALENA;GUAMAL;PEDREGOZA (LA RINCONADA);124;150;274;1;;CAZETA DEL CORREGIMIENTO
21;040;99;07;MAGDALENA;GUAMAL;LOS ANDES;687;894;1581;5;;I.E.D. MARIA AUXILIADORA
21;040;99;08;MAGDALENA;GUAMAL;LA CEIBA;321;358;679;2;;KZ - CORREGIMIENTO
21;040;99;09;MAGDALENA;GUAMAL;MURILLO;282;332;614;2;;SALON COMUNAL DEL CORREGIMIENTO
21;040;99;10;MAGDALENA;GUAMAL;PAJARAL;160;219;379;2;;CAZETA DEL CORREGIMIENTO
21;040;99;11;MAGDALENA;GUAMAL;PARACO;79;109;188;1;;ESC. - CORREGIMIENTO
21;040;99;13;MAGDALENA;GUAMAL;PAMPAN;330;422;752;3;;CAZETA DEL CORREGIMIENTO
21;040;99;15;MAGDALENA;GUAMAL;PLAYAS BLANCAS;162;179;341;1;;CAZETA DEL CORREGIMIENTO
21;040;99;17;MAGDALENA;GUAMAL;RICAURTE;507;544;1051;4;;KZ - CORREGIMIENTO
21;040;99;21;MAGDALENA;GUAMAL;SALVADORA;291;370;661;2;;CAZETA DEL CORREGIMIENTO
21;040;99;22;MAGDALENA;GUAMAL;SAN ANTONIO;261;341;602;2;;CAZETA DEL CORREGIMIENTO
21;040;99;23;MAGDALENA;GUAMAL;SAN ISIDRO;436;538;974;3;;ESCUELA DEL CORREGIMIENTO
21;040;99;24;MAGDALENA;GUAMAL;SAN PEDRO;273;327;600;2;;COLEGIO DE SAN PEDRO
21;040;99;25;MAGDALENA;GUAMAL;URQUIJO;784;937;1721;6;;IE NICOLAS MEJIA MENDEZ
21;040;99;45;MAGDALENA;GUAMAL;SANTA TERESITA;109;135;244;1;;COLEGIO SANTA TERESITA
21;040;99;50;MAGDALENA;GUAMAL;SITIONUEVO;342;421;763;3;;CASETA DEL CORREGIMIENTO
21;040;99;70;MAGDALENA;GUAMAL;VILLANUEVA;466;537;1003;3;;CASETA DEL CORREGIMIENTO
21;042;00;00;MAGDALENA;NUEVA GRANADA;PUESTO CABECERA MUNICIPAL;4598;5386;9984;30;;IED NUEVA GRANADA
21;042;99;07;MAGDALENA;NUEVA GRANADA;EL BAJO;306;458;764;3;;CRA 4 SALIDA AL CORREGIMIENTO LAS MULAS
21;042;99;14;MAGDALENA;NUEVA GRANADA;LAS TINAS;362;470;832;3;;ESCUELA RURAL MIXTA SANTO DOMINGO
21;042;99;15;MAGDALENA;NUEVA GRANADA;LA GLORIA;282;396;678;2;;ESCUELA RURAL MIXTA LA GLORIA
21;042;99;16;MAGDALENA;NUEVA GRANADA;LOS ANDES;2312;2633;4945;15;;I.E.T.D. URBANO MOLINA CASTRO
21;042;99;40;MAGDALENA;NUEVA GRANADA;SAN JOSE DE BALLESTEROS;169;221;390;2;;ESCUELA RURAL MIXTA SAN MARTIN
21;046;00;00;MAGDALENA;PEDRAZA;PUESTO CABECERA MUNICIPAL;1660;1778;3438;10;;I.E. SAN PABLO
21;046;99;01;MAGDALENA;PEDRAZA;BAHIAHONDA;1161;1247;2408;7;;I.E. AGROPECUARIA JOSE DADUL
21;046;99;09;MAGDALENA;PEDRAZA;BOMBA;796;869;1665;5;;CENTRO EDUCATIVO BASICO AMPLIADO DE BOMBA
21;046;99;25;MAGDALENA;PEDRAZA;GUAQUIRI;309;364;673;2;;I.E. FRANCISCO DE PAULA SANTANDER
21;046;99;29;MAGDALENA;PEDRAZA;HEREDIA;1090;1274;2364;7;;I.E. DON PEDRO DE HEREDIA
21;048;00;00;MAGDALENA;PIJI•O DEL CARMEN;PUESTO CABECERA MUNICIPAL;2799;2982;5781;17;;CALLE 10 # 10-91
21;048;99;10;MAGDALENA;PIJI•O DEL CARMEN;CABRERA;463;496;959;3;;ESCUELA RURAL MIXTA CABRERA
21;048;99;15;MAGDALENA;PIJI•O DEL CARMEN;CASA BLANCA;340;436;776;3;;CONCENTRACION ESCOLAR CASA BLANCA
21;048;99;16;MAGDALENA;PIJI•O DEL CARMEN;EL BRILLANTE;106;161;267;1;;CORREGIMIENTO DEL BRILLANTE
21;048;99;18;MAGDALENA;PIJI•O DEL CARMEN;EL DIVIDIVI;55;68;123;1;;ESCUELA RURAL EL DIVIDIVI
21;048;99;20;MAGDALENA;PIJI•O DEL CARMEN;FILADELFIA;218;237;455;2;;ESCUELA RURAL FILADELFIA
21;048;99;25;MAGDALENA;PIJI•O DEL CARMEN;LAS MARIAS;72;90;162;1;;ESCUELA RURAL LAS MARIA
21;048;99;35;MAGDALENA;PIJI•O DEL CARMEN;LAS PLANADAS;30;48;78;1;;ESCUELA RURAL JOSE ANTONIO MACHUCA
21;048;99;40;MAGDALENA;PIJI•O DEL CARMEN;SAN JOSE DE PREVENCION;347;511;858;3;;IED AGROAMBIENTAL SAN JOSE DE PIJI•O DEL CARMEN
21;048;99;50;MAGDALENA;PIJI•O DEL CARMEN;SAN MARTIN DE LA LUCHA;129;167;296;1;;ESCUELA RURAL SAN MARTIN
21;048;99;55;MAGDALENA;PIJI•O DEL CARMEN;EL PELADERO;72;90;162;1;;CORREGIMIENTO EL PELADERO
21;048;99;60;MAGDALENA;PIJI•O DEL CARMEN;NUEVA HOLANDA;59;76;135;1;;CORREGIMIENTO DE NUEVA HOLANDA
21;049;01;01;MAGDALENA;PIVIJAY;ESCUELA URBANA DE VARONES;1919;2243;4162;13;;CALLE 12 Nß 13-22
21;049;01;02;MAGDALENA;PIVIJAY;COLEGIO BEATRIZ COTES;1829;1398;3227;10;;CRA 7 #5-83
21;049;02;01;MAGDALENA;PIVIJAY;COLEGIO SIMON BOLIVAR;2108;2773;4881;15;;CRA 21 #19B-01
21;049;02;02;MAGDALENA;PIVIJAY;LICEO PIVIJAY;2869;2107;4976;15;;CRA 9 No 13-03
21;049;90;01;MAGDALENA;PIVIJAY;COLEGIO MARIA INMACULADA;1078;1359;2437;4;;CALLE 13 # 17 - 20
21;049;99;01;MAGDALENA;PIVIJAY;MEDIA LUNA;1660;1885;3545;11;;CALLE 9 Nß 4-04
21;049;99;06;MAGDALENA;PIVIJAY;GARRAPATA;233;302;535;2;;ESCUELA RURAL MIXTA GARRAPATA
21;049;99;09;MAGDALENA;PIVIJAY;LAS PIEDRAS;175;219;394;2;;ESCUELA RURAL MIXTA LAS PIEDRAS
21;049;99;17;MAGDALENA;PIVIJAY;PLACITAS;213;290;503;2;;ESCUELA RURAL MIXTA PLACITAS
21;049;99;21;MAGDALENA;PIVIJAY;LAS CANOAS;622;880;1502;5;;ESCUELA SAN MARTIN DE LOBA
21;049;99;25;MAGDALENA;PIVIJAY;PI•UELAS;409;504;913;3;;ESCUELA NUESTRA SE•ORA DE LAS
21;049;99;29;MAGDALENA;PIVIJAY;PARAISO;483;627;1110;4;;ESCUELA RURAL MIXTA PARAISO
21;049;99;37;MAGDALENA;PIVIJAY;CARABALLO;150;285;435;2;;ESCUELA RURAL MIXTA CARABALLO
21;049;99;41;MAGDALENA;PIVIJAY;CHINOBLAS;261;317;578;2;;ESCUELA RURAL MIXTA CHINOBLAS
21;049;99;45;MAGDALENA;PIVIJAY;AVIANCA;165;275;440;2;;ESCUELA RURAL MIXTA AVIANCA
21;049;99;49;MAGDALENA;PIVIJAY;SALAMINITA;25;34;59;1;;ESCUELA RURAL MIXTA SALAMINITA
21;049;99;75;MAGDALENA;PIVIJAY;EL CARMEN DEL MAGDALENA;966;1067;2033;6;;COLEGIO OTILIA MENA
21;052;01;01;MAGDALENA;PLATO;IED MARIA ALFARO DE OSPINO;2715;3291;6006;18;;CRA 12 No 10-94
21;052;01;02;MAGDALENA;PLATO;IED GABRIEL ESCOBAR BALLESTA;2366;1906;4272;13;;VIA 14 CARRERA 8 ESQUINA
21;052;02;01;MAGDALENA;PLATO;IED GABRIEL ESCOBAR B. SD GABRIELITO;6660;7628;14288;42;;VIA 14 CRA16 # 16 - 102
21;052;02;02;MAGDALENA;PLATO;IED JUANA ARIAS DE BENAVIDES;4582;3417;7999;24;;CARRERA 15 CON CALLE 6 ESQUINA
21;052;90;01;MAGDALENA;PLATO;IED VICTOR CAMARGO ALVAREZ;1687;2098;3785;5;;CLL 10 # 16-05
21;052;99;01;MAGDALENA;PLATO;APURE;724;906;1630;5;;ESC. MIXTA ROSA CORTINA DE HERNANDEZ
21;052;99;02;MAGDALENA;PLATO;CIENEGUETA;308;399;707;3;;ESCUELA RURAL MIXTA SAN MARTIN DE CIENEGUETA
21;052;99;03;MAGDALENA;PLATO;CINCO Y SEIS;113;131;244;1;;ESCUELA RURAL MIXTA SAN MARTIN
21;052;99;04;MAGDALENA;PLATO;EL CARMEN DEL MAGDALENA;388;493;881;3;;ESCUELA RURAL MIXTA EL CARMEN DEL MAGDALENA
21;052;99;05;MAGDALENA;PLATO;BUENAVISTA;129;192;321;1;;ESCUELA RURAL MIXTA SAN MARTIN DE BUENAVISTA
21;052;99;06;MAGDALENA;PLATO;AGUAS VIVAS;313;416;729;3;;ESCUELA RURAL MIXTA SAN FRANCISCO DE PAULA
21;052;99;07;MAGDALENA;PLATO;CERRO GRANDE;126;192;318;1;;ESCUELA RURAL MIXTA CERRO GRANDE
21;052;99;10;MAGDALENA;PLATO;BETZAIDA;46;65;111;1;;I.E MONTERREY
21;052;99;12;MAGDALENA;PLATO;DISCIPLINA;216;306;522;2;;ESCUELA RURAL MIXTA PARAISO
21;052;99;14;MAGDALENA;PLATO;EL VATICANO;89;122;211;1;;ESCUELA RURAL MIXTA BELEN MARIA DE OSPINO
21;052;99;15;MAGDALENA;PLATO;LOS POZOS;104;134;238;1;;ESCUELA RURAL MIXTA LOS POZOS
21;052;99;16;MAGDALENA;PLATO;LAS PLANADAS;23;26;49;1;;ESCUELA RURAL MIXTA LA INMACULADA CONCEPCION
21;052;99;17;MAGDALENA;PLATO;SAN ANTONIO DEL RIO;255;383;638;2;;ESCUELA RURAL MIXTA SAN ANTONIO DE LOS RIOS
21;052;99;19;MAGDALENA;PLATO;SAN JOSE DEL PURGATORIO;457;608;1065;4;;ESCUELA RURAL MIXTA SAN JOSE DEL PURGATORIO
21;052;99;21;MAGDALENA;PLATO;ZARATE;344;477;821;3;;ESCUELA RURAL MIXTA ZARATE
21;055;00;00;MAGDALENA;PUEBLOVIEJO;PUESTO CABECERA MUNICIPAL;4471;4524;8995;27;;CALLE 11 N 11a  -31,I.E.D.SAN JOSE SEDE 1
21;055;99;01;MAGDALENA;PUEBLOVIEJO;BOCAS DE ARACATACA;160;271;431;2;;CLL PRINCIPAL DEL CORREGIMIENTO BOCAS DE ARACATACA
21;055;99;04;MAGDALENA;PUEBLOVIEJO;ISLA DE CATAQUITA;50;54;104;1;;CALLE PRINCIPAL CORREGIMIENTO ISLA DE CATAQUITA
21;055;99;05;MAGDALENA;PUEBLOVIEJO;ISLA DEL ROSARIO;1745;1835;3580;11;;CALLE 6 CRA 4
21;055;99;09;MAGDALENA;PUEBLOVIEJO;TASAJERAS;3253;3048;6301;19;;CALLE 3  NUM 8 - 27
21;055;99;10;MAGDALENA;PUEBLOVIEJO;TIERRA NUEVA;116;119;235;1;;CALLE PRINCIPAL CORREGIMIENTO TIERRA
21;055;99;15;MAGDALENA;PUEBLOVIEJO;NUEVA FRONTERA;322;225;547;2;;TRONCAL DEL CARIBE CRA 18A ESQUINA
21;055;99;20;MAGDALENA;PUEBLOVIEJO;PALMIRA;1062;1097;2159;7;;CRA 1 No 7-05
21;055;99;40;MAGDALENA;PUEBLOVIEJO;SAN JUAN DE PALOS PRIETO;294;353;647;2;;CALLE PRINCIPAL SAN JUAN DE PALOS PRIETOS
21;058;00;00;MAGDALENA;REMOLINO;PUESTO CABECERA MUNICIPAL;2548;2845;5393;16;;CALLE 16 CRA 3 ESQUINA
21;058;99;09;MAGDALENA;REMOLINO;CORRALVIEJO;111;124;235;1;;I.E. CORRAL VIEJO
21;058;99;10;MAGDALENA;REMOLINO;EL DIVIDIVI;115;133;248;1;;I.E.  EL DIVIDIVI
21;058;99;11;MAGDALENA;REMOLINO;MARTINETE;92;135;227;1;;I.E.  MARTINETE
21;058;99;13;MAGDALENA;REMOLINO;KIOSCO COMUNAL DE SANTA RITA;194;288;482;2;;KIOSCO COMUNAL DE SANTA RITA
21;058;99;17;MAGDALENA;REMOLINO;SAN RAFAEL DE BUENAVISTA;324;361;685;2;;I.E. SAN RAFAEL DE BUENAVISTA
21;058;99;20;MAGDALENA;REMOLINO;EL SALADO;34;44;78;1;;I.E.D. EL SALADO
21;058;99;30;MAGDALENA;REMOLINO;SAN JOSE DE LAS CASITAS;162;178;340;1;;I.E.  SAN JOSE DE LAS CASITAS
21;060;00;00;MAGDALENA;SABANAS DE SAN ANGEL;PUESTO CABECERA MUNICIPAL;2594;3072;5666;17;;CARRERA 2 N¯2-30
21;060;99;10;MAGDALENA;SABANAS DE SAN ANGEL;CASA DE TABLAS;274;390;664;2;;CASA DE TABLAS
21;060;99;11;MAGDALENA;SABANAS DE SAN ANGEL;ESTACION VILLA;330;499;829;3;;ERM ESTACION VILLA
21;060;99;15;MAGDALENA;SABANAS DE SAN ANGEL;EL MANANTIAL;121;185;306;1;;E R M EL MANANTIAL
21;060;99;20;MAGDALENA;SABANAS DE SAN ANGEL;CESPEDES;154;241;395;2;;E R M CESPEDES
21;060;99;25;MAGDALENA;SABANAS DE SAN ANGEL;FLORES DE MARIA;168;252;420;2;;E R M FLORES DE MARIA
21;060;99;30;MAGDALENA;SABANAS DE SAN ANGEL;SAN ROQUE (LAS MULAS);261;383;644;2;;E R M SAN ROQUE LAS MULAS
21;060;99;33;MAGDALENA;SABANAS DE SAN ANGEL;ALBERTO CABALLERO;984;1212;2196;7;;I E ALBERTO CABALLERO
21;060;99;40;MAGDALENA;SABANAS DE SAN ANGEL;RESGUARDO INDIGENA ISSA ORISTUNA;177;208;385;2;;I.E.D.ETTE ENAKKA
21;060;99;45;MAGDALENA;SABANAS DE SAN ANGEL;BRASIL 1;168;213;381;2;;I.E.D. BRASIL 1
21;060;99;55;MAGDALENA;SABANAS DE SAN ANGEL;PUEBLITO DE LOS BARRIOS;318;484;802;3;;E R EL PUEBLITO DE LOS BARRIO
21;067;00;00;MAGDALENA;SALAMINA;PUESTO CABECERA MUNICIPAL;3088;3138;6226;19;;ESCUELA URBANA DE VARONES
21;067;99;01;MAGDALENA;SALAMINA;GUAIMARO;1087;1290;2377;7;;COL.DPTAL DE BACHILLERATO DE GUAIMARO
21;070;00;00;MAGDALENA;SAN SEBASTIAN DE BUENAVISTA;PUESTO CABECERA MUNICIPAL;3572;3930;7502;22;;CALLE  3 NO 8 - 35 FRENTE PLAZA EL ZUAN
21;070;99;01;MAGDALENA;SAN SEBASTIAN DE BUENAVISTA;BUENAVISTA;332;326;658;2;;PLAZA PRINCIPAL
21;070;99;03;MAGDALENA;SAN SEBASTIAN DE BUENAVISTA;EL COCO;285;337;622;2;;CALLE PRINCIPAL
21;070;99;04;MAGDALENA;SAN SEBASTIAN DE BUENAVISTA;EL SEIS;306;362;668;2;;CALLE PRINCIPAL
21;070;99;05;MAGDALENA;SAN SEBASTIAN DE BUENAVISTA;LA PACHA;603;621;1224;4;;PLAZA PRINCIPAL
21;070;99;09;MAGDALENA;SAN SEBASTIAN DE BUENAVISTA;LAS MARGARITAS;416;538;954;3;;BARRIO ABAJO
21;070;99;11;MAGDALENA;SAN SEBASTIAN DE BUENAVISTA;MARIA ANTONIA;204;241;445;2;;IED VENERO SEDEˇ MARIA ANTONIAˇ /ˇ CALLE PPAL
21;070;99;13;MAGDALENA;SAN SEBASTIAN DE BUENAVISTA;LOS GALVIS;356;383;739;3;;PLAZA PRINCIPAL
21;070;99;14;MAGDALENA;SAN SEBASTIAN DE BUENAVISTA;SAN RAFAEL (LA NEGRA);568;755;1323;4;;CALLE PRINCIPAL
21;070;99;15;MAGDALENA;SAN SEBASTIAN DE BUENAVISTA;SANTA ROSA;199;222;421;2;;CALLE PRINCIPAL
21;070;99;16;MAGDALENA;SAN SEBASTIAN DE BUENAVISTA;SABANA DE PERALEJO;282;343;625;2;;CALLE PRINCIPAL
21;070;99;17;MAGDALENA;SAN SEBASTIAN DE BUENAVISTA;TRONCOSO;392;410;802;3;;IED TRONCOSO SEDE BACHILLERATO / CALLE PPAL
21;070;99;18;MAGDALENA;SAN SEBASTIAN DE BUENAVISTA;SAN VALENTIN;307;381;688;2;;CALLE PRINCIPAL
21;070;99;21;MAGDALENA;SAN SEBASTIAN DE BUENAVISTA;TRONCOSITO;483;496;979;3;;CALLE PRINCIPAL
21;070;99;25;MAGDALENA;SAN SEBASTIAN DE BUENAVISTA;VENERO;363;457;820;3;;PLAZA PRINCIPAL
21;073;00;00;MAGDALENA;SAN ZENON;PUESTO CABECERA MUNICIPAL;923;1057;1980;6;;CARRERA 3 N¯ 8-115 SAN  ZENON MAGDALENA
21;073;99;01;MAGDALENA;SAN ZENON;ANGOSTURA;240;315;555;2;;ESCUELA RURAL ANGOSTURA
21;073;99;02;MAGDALENA;SAN ZENON;BERMEJAL;502;535;1037;4;;ESCUELA RURAL BERMEJAL
21;073;99;03;MAGDALENA;SAN ZENON;JANEIRO;232;227;459;2;;ESCUELA RURAL JANEIRO
21;073;99;04;MAGDALENA;SAN ZENON;EL HORNO;519;545;1064;4;;ESCUELA RURAL EL HORNO
21;073;99;05;MAGDALENA;SAN ZENON;LA MONTA•A (LOS SACUDIDOS);147;192;339;1;;ESCUELA RURAL LA MONTA•A (LOS SACUDIDOS)
21;073;99;09;MAGDALENA;SAN ZENON;EL PALOMAR;207;244;451;2;;ESCUELA RURAL EL PALOMAR
21;073;99;11;MAGDALENA;SAN ZENON;GUINEA;222;232;454;2;;ESCUELA RURAL GUINEA
21;073;99;13;MAGDALENA;SAN ZENON;PE•ONCITO;855;938;1793;6;;ESCUELA RURAL MIXTA PE•ONCITO
21;073;99;15;MAGDALENA;SAN ZENON;PUERTO ARTURO;179;189;368;2;;ESCUELA RURAL PUERTO ARTURO
21;073;99;17;MAGDALENA;SAN ZENON;SANTA TERESA;489;554;1043;4;;ESCUELA RURAL SANTA TERESA
21;076;00;00;MAGDALENA;SANTA ANA;PUESTO CABECERA MUNICIPAL;6405;6751;13156;39;;CRA 8 No 7A- 91
21;076;99;05;MAGDALENA;SANTA ANA;BARRO BLANCO;674;851;1525;5;;CGTO BARROBLANCO
21;076;99;10;MAGDALENA;SANTA ANA;GERMANIA;188;236;424;2;;I.E. DE GERMANIA
21;076;99;11;MAGDALENA;SANTA ANA;JARABA;402;461;863;3;;I.E. DE JARABA
21;076;99;25;MAGDALENA;SANTA ANA;SAN FERNANDO;916;975;1891;6;;CGTO SAN FERNANDO
21;076;99;30;MAGDALENA;SANTA ANA;PUERTO LIMON;7;12;19;1;;E.R.M. VILLA COLOMBIA
21;076;99;50;MAGDALENA;SANTA ANA;SANTA ROSA;72;107;179;1;;I.E. DE SANTA ROSA
21;078;00;00;MAGDALENA;SANTA BARBARA DE PINTO;PUESTO CABECERA MUNICIPAL;3195;3526;6721;20;;INSTITUCION GILMA ROYERO SOLANO
21;078;99;05;MAGDALENA;SANTA BARBARA DE PINTO;CARRETAL;83;73;156;1;;INST EDU NUESTRA SE•ORA DEL ROSARIO SEDE CARRETAL
21;078;99;10;MAGDALENA;SANTA BARBARA DE PINTO;CIENEGUETA;156;187;343;1;;INSTITUCION EDUCATIVA TECNICA RURAL DE CIENEGUETA
21;078;99;15;MAGDALENA;SANTA BARBARA DE PINTO;CUNDINAMARCA;237;326;563;2;;INSTITUCION EDUCATIVA SAGRADO CORAZON DE JESUS
21;078;99;30;MAGDALENA;SANTA BARBARA DE PINTO;MONTELIRIO;53;70;123;1;;I.E.D. CELINDA MEJIA LOPEZ
21;078;99;41;MAGDALENA;SANTA BARBARA DE PINTO;SAN PEDRO;377;419;796;3;;INSTITUCION EDUCATIVA NUESTRA SE•ORA DEL ROSARIO
21;078;99;80;MAGDALENA;SANTA BARBARA DE PINTO;VELADERO;290;372;662;2;;INSTITUCION EDUCATIVA NUESTRA SE•ORA DEL CARMEN
21;079;00;00;MAGDALENA;SITIONUEVO;PUESTO CABECERA MUNICIPAL;6311;6958;13269;39;;CALLE 4 # 21 - 05
21;079;99;01;MAGDALENA;SITIONUEVO;BUENAVISTA;336;481;817;3;;INSTITUCION  EDUCATIVA  RURAL DE BUENAVISTA
21;079;99;05;MAGDALENA;SITIONUEVO;NUEVA VENECIA (EL MORRO);730;964;1694;5;;INST. EDUCATIVA NUEVA VENECIA
21;079;99;09;MAGDALENA;SITIONUEVO;PALERMO;2535;2711;5246;16;;CLL 3 No 3-70
21;079;99;15;MAGDALENA;SITIONUEVO;SAN ANTONIO;387;452;839;3;;I.E.D SAN ANTONIO
21;085;00;00;MAGDALENA;TENERIFE;PUESTO CABECERA MUNICIPAL;3383;3765;7148;21;;COLEGIO NELSON MIRANDA
21;085;99;04;MAGDALENA;TENERIFE;EL CONSUELO;98;139;237;1;;I.E.D. EL CONSUELO
21;085;99;05;MAGDALENA;TENERIFE;EL JUNCAL;57;82;139;1;;I.E.D. EL JUNCAL
21;085;99;07;MAGDALENA;TENERIFE;MANUEL BARRIOS;25;38;63;1;;I.E.D. MANUEL BARRIO
21;085;99;13;MAGDALENA;TENERIFE;REAL DEL OBISPO;553;732;1285;4;;INST.EDU.EL REAL DEL OBISPO
21;085;99;16;MAGDALENA;TENERIFE;SAN ANTONIO;21;47;68;1;;I.E.D. SAN ANTONIO
21;085;99;17;MAGDALENA;TENERIFE;SAN LUIS;1017;1088;2105;7;;I.E.D. ANUAR RIVERA JATTAR
21;085;99;70;MAGDALENA;TENERIFE;SANTA INES;441;567;1008;3;;I.E.D. SANTA INES
21;085;99;85;MAGDALENA;TENERIFE;VERDUN;4;13;17;1;;I.E.D. VERDUN
21;090;00;00;MAGDALENA;ZAPAYAN;PUESTO CABECERA MUNICIPAL;1783;1994;3777;11;;I.E. LICEO ZAPAYAN
21;090;99;05;MAGDALENA;ZAPAYAN;EL BONGO;74;116;190;1;;CENTRO EDUCATIVO SAN MARTIN
21;090;99;10;MAGDALENA;ZAPAYAN;CA•O DE AGUAS;482;598;1080;4;;I.E. CA•O DE AGUA
21;090;99;15;MAGDALENA;ZAPAYAN;CAPUCHO;313;363;676;2;;I.E. CAPUCHO
21;090;99;18;MAGDALENA;ZAPAYAN;CERRITOS;174;234;408;2;;I.E. CERRITOS
21;090;99;20;MAGDALENA;ZAPAYAN;PIEDRAS DE MOLER;939;1021;1960;6;;I.E. DAGOBERTO OROZCO BORJA
21;090;99;25;MAGDALENA;ZAPAYAN;PIEDRAS PINTADAS;502;622;1124;4;;I.E. LICEO ZAPAYAN SEDE PIEDRA PINTADA
21;095;00;01;MAGDALENA;ZONA BANANERA (SEVILLA);IED JOSE BENITO VIVES DE ANDREIS;4340;4804;9144;27;;CLL 5 No 4 - 60
21;095;00;02;MAGDALENA;ZONA BANANERA (SEVILLA);IED JOSE BENITO V DE A SD ESC R DE VARON;81;90;171;1;;CLL 5 CRA 11
21;095;99;15;MAGDALENA;ZONA BANANERA (SEVILLA);CANDELARIA;408;472;880;3;;I.E.D. CANDELARIA
21;095;99;20;MAGDALENA;ZONA BANANERA (SEVILLA);LA GRAN VIA;1223;1199;2422;8;;I.E.D  LAS MERCEDES
21;095;99;23;MAGDALENA;ZONA BANANERA (SEVILLA);GUACAMAYAL;3950;3966;7916;24;;GUACAMAYAL (IED JOSE CELESTINO MUTIS )
21;095;99;24;MAGDALENA;ZONA BANANERA (SEVILLA);IED MACONDO;55;41;96;1;;CALLE 3 CRA 5
21;095;99;25;MAGDALENA;ZONA BANANERA (SEVILLA);GUAMACHITO;532;628;1160;4;;ESCUELA RURAL INMACULADA
21;095;99;26;MAGDALENA;ZONA BANANERA (SEVILLA);JULIO ZAWADY;792;664;1456;5;;IED ARMANDO ESTRADA  SD MICAEL COTES
21;095;99;28;MAGDALENA;ZONA BANANERA (SEVILLA);ORIHUECA;4651;4605;9256;27;;CALLE 11 NUM 2 28
21;095;99;30;MAGDALENA;ZONA BANANERA (SEVILLA);PALOMAR;533;582;1115;4;;ESCUELA RURAL MIXTA PALOMAR
21;095;99;38;MAGDALENA;ZONA BANANERA (SEVILLA);IE DEPTAL ARMANDO ESTRADA FLORES S;3559;3657;7216;21;;CRA 2 No 7A 35
21;095;99;39;MAGDALENA;ZONA BANANERA (SEVILLA);SAN JOSE DE KENNEDY;495;514;1009;3;;I.E.D. SAN JOSE DE KENNEDY
21;095;99;40;MAGDALENA;ZONA BANANERA (SEVILLA);SANTA ROSALIA;681;754;1435;5;;CLL 2 No  91-22
21;095;99;42;MAGDALENA;ZONA BANANERA (SEVILLA);SOPLADOR;1007;1028;2035;6;;CARRERA 3 CALLE 3 ESQUINA
21;095;99;49;MAGDALENA;ZONA BANANERA (SEVILLA);TUCURINCA;1949;1886;3835;12;;CALLE 5 No 32-5
21;095;99;55;MAGDALENA;ZONA BANANERA (SEVILLA);CARITAL;201;189;390;2;;E.R.M. CARITAL
21;095;99;75;MAGDALENA;ZONA BANANERA (SEVILLA);VARELA;1307;1289;2596;8;;HOGAR AGRUPADO DE BIENESTAR FAMILIAR
