id_puesto;idzona_puesto;num_puesto;nombre_puesto;estado_puesto
1;1;01;I.E.D. LICEO DEL SUR VICTOR DE LIMA;1
2;1;02;IED LIC DEL SUR VICTOR DE LIMA SD 2 M.M;1
3;1;03;I.E.D JACQUELINE KENNEDY;1
4;1;04;IED JACQUELINE KENNEDY SD 2 PRE LA CAND.;1
5;1;05;IED JACQUELINE KENNEDY SD 4 PRIM DE MAYO;1
6;1;06;IED JACQUELINE KENNEDY SD 5 MARIA EUG.;1
7;1;07;IED LIC DEL SUR VICTOR DE LIMA SD03 CTR;1
8;1;08;IED NUEVO AMANECER CON DIOS SD 01;1
9;1;09;IED TECNICA INEM SIMON BOLIVAR SD 02;1
10;1;10;IED SD03 ESC MIXTA ONCE DE NOVIEMBRE N:1;1
11;2;01;I.E.D.EL PANDO;1
12;2;02;IED EL PANDO SEDE 2 JOSE CELEDON GARCIA;1
13;2;03;I.E.D.EL PARQUE;1
14;2;04;I.E.D LIBANO;1
15;2;05;I.E.D.SAN FCO.JAVIER DE GARAGO;1
16;2;06;UNIVERSIDAD ANTONIO NARIÑO;1
17;2;07;UNIVERSIDAD DEL MAGDALENA;1
18;2;08;IED ONCE DE NOVIEMBRE;1
19;2;09;IED EL LIBANO SEDE 02;1
20;2;10;IED 20 DE OCTUBRE SEDE 1;1
21;3;01;I.E.D. NORMAL SUPERIOR SAN PEDRO;1
22;3;02;IED JUAN MAIGUEL DE OSUNA;1
23;3;03;I.E.D.ALUNA MEGA COLEGIO CISNE;1
24;3;04;IED PEDAG. DEL CARIBE SD CIUDAD EQUIDAD;1
25;3;05;IED SIMON RODRIGUEZ SEDE 01;1
26;4;01;I.E.D.HUGO J. BERMUDEZ;1
27;4;02;I.E.D.HUGO J.BERMUDEZ S.LA.ESP;1
28;4;03;I.E.D.LICEO SAMARIO;1
29;4;04;IED ANTONIO NARIÑO SEDE 1;1
30;5;01;LICEO SAMARIO SD.2 BAV.BOSTON;1
31;5;02;IED LICEO CELEDON;1
32;5;03;IED LA INDUSTRIAL;1
33;5;04;I.E.D.FCO.DE PAULA SANTANDER;1
34;5;05;I.E.D.MAGDALENA;1
35;5;06;IED MAGD SEDE 3 ESCUELA SAN JOSE;1
36;5;07;IED LICEO EL SABER;1
37;5;08;IED MAGDALENA SEDE 2 SANTA CATALINA;1
38;6;01;I.E.D. RODRIGO BASTIDAS;1
39;6;02;HOGAR INFANTIL BASTIDAS;1
40;6;03;IED RODRIGO DE BASTIDAS SD 17 DE DIC;1
41;6;04;I.E.D.NICOLAS BUENAVENTURA;1
42;6;05;I.E.D. ONDAS DEL CARIBE;1
43;6;06;I.E.D LAURA VICUÑA;1
44;6;07;I.E.D.ESC.NORMAL SUP.MARIA AUX;1
45;6;08;IED EL CARMEN;1
46;6;09;IED RODRIGO GALVAN DE BASTIDAS;1
47;6;10;IED PANTANO SEDE 01;1
48;7;01;I.E.D.MADRE LAURA;1
49;7;02;I.E.D.LICEO DEL NORTE;1
50;7;03;I.E.D. ALFONSO LOPEZ;1
51;7;04;IED JHON F KENNEDY;1
52;7;05;IED LICEO DEL NORTE SEDE 2 MIXTA No 3;1
53;7;06;IED SAN FERNANDO SEDE 01;1
54;7;07;IED OLIVOS SEDE 01;1
55;7;08;IED OLIVOS SEDE 02 JUAN XXIII;1
56;7;09;IED 20 DE JULIO;1
57;8;01;I.E.D.JOSE LABORDE GNECCO;1
58;8;02;I.E.D CAMILO TORRES DE GAIRA;1
59;8;03;IED CAMILO TORRES DE GAIRA SD ISABEL P.F;1
60;8;04;I.E.D.LA PAZ, MEGA COL. LA PAZ;1
61;8;05;IED CRISTO REY;1
62;8;06;SEDE RECREATIVA COOEDUMAG;1
63;8;07;IED GABRIELA MISTRAL SD 2 KINDER M AUX;1
64;8;08;IED JESUS ESPELETA FAJARDO;1
65;8;09;IED SIMON BOLIVAR DE GAIRA SEDE 01;1
66;8;10;IED BEATRIZ GUTIERREZ DE VIVES;1
67;8;11;IED DON JACA SEDE BAJA;1
68;9;01;IED TEC INEM SIMON BOLIVAR DE MAMATOCO;1
69;10;01;CARCEL;1
70;11;01;IED BONDA SEDE 02 SANTA ANA;1
71;11;02;BONDA;1
72;11;03;GUACHACA;1
73;11;04;CALABAZO;1
74;11;05;TAGANGA;1
75;11;07;MINCA;1
76;11;08;LA TAGUA;1
77;11;13;EL CAMPANO;1
78;11;15;IED JULIO JOSE CEBALLOS OSPINO SD 01;1
79;11;17;IED PALOMINITO;1
80;11;19;IED MOSQUITO;1
81;11;20;INS ETNOEDUC DIST INTERCULTURAL EL MAMEY;1
82;11;21;I ETNOEDUC DIST INTERCULTURAL LA REVUELT;1
83;12;00;PUESTO CABECERA MUNICIPAL;1
84;13;10;BELLAVISTA;1
85;13;20;RIOMAR;1
86;13;30;LA ESTACION LLERAS;1
87;13;35;LOMA DE BALSAMO;1
88;14;01;INS.EDUCATIVA ELVIA VIZCAINO T;1
89;14;02;JHON F. KENEDDY;1
90;15;01;CERES;1
91;15;02;INST. EDUCATIVA SAN MARTIN;1
92;16;01;BUENOS AIRES;1
93;16;05;AGUA BENDITA;1
94;16;20;CAUCA;1
95;16;25;CERRO AZUL;1
96;16;30;MACARAQUILLA;1
97;16;40;RIO DE PIEDRA;1
98;16;75;SAMPUES;1
99;16;80;TRANQUILANDIA;1
100;16;85;TEHOBROMINA;1
101;17;01;LICEO ARIGUANI;1
102;17;02;ESCUELA MIXTA COMUNAL EL CONGO;1
103;18;01;ESCUELA MIXTA COMUNAL 8 DE DICIEMBRE;1
104;18;02;EMC SIMON BOLIVAR;1
105;19;20;EL CARMEN DE ARIGUANI;1
106;19;30;ALEJANDRIA;1
107;19;35;PUEBLO NUEVO;1
108;19;70;SAN JOSE DE ARIGUANI;1
109;20;00;PUESTO CABECERA MUNICIPAL;1
110;21;05;CANDELARIA;1
111;21;09;CONCEPCION (COCOSOLO);1
112;21;21;PUERTO NI¥O;1
113;21;30;JESUS DEL MONTE;1
114;22;00;PUESTO CABECERA MUNICIPAL;1
115;23;10;EL PLAN;1
116;23;30;LA POLA;1
117;23;45;LA CHINA;1
118;23;50;LA ESTRELLA;1
119;23;69;PUEBLO NUEVO;1
120;24;01;I.E. ISAAC J. PEREIRA;1
121;24;02;INFOTEP;1
122;24;03;COL VIRGINIA GOMEZ SD CUATRO;1
123;24;04;I.E.LA MARIA;1
124;24;05;I.E.LA ALIANZA;1
125;25;01;I.E. SAN JUAN DEL CORDOBA;1
126;25;02;I.E.T.COMERCIO VIRGINIA GOMEZ;1
127;25;03;I.E.ENOC MENDOZA RIASCOS;1
128;25;04;I.E.LICEO MODERNO DEL SUR;1
129;25;05;I.E.LICEO MODERNO DEL SUR,SD.4;1
130;25;06;I.E.EL CARMEN;1
131;25;07;I.E.MANUEL J. DEL CASTILLO;1
132;25;08;I.E. 12 DE OCTUBRE;1
133;26;01;IE VIRGINIA GOMEZ SEDE 3;1
134;27;04;SAN PEDRO DE LA SIERRA;1
135;27;07;PALMOR;1
136;27;10;LA ISABEL;1
137;27;13;SIBERIA;1
138;27;20;SEVILLANO;1
139;27;21;CORDOBITA;1
140;27;25;SAN JAVIER;1
141;28;00;PUESTO CABECERA MUNICIPAL;1
142;29;05;BALSAMO;1
143;29;10;BELLAVISTA;1
144;29;35;ROSARIO DE CHENGUE;1
145;30;01;ESCUELA LUIS LOPEZ DE MEZA;1
146;30;02;COL. SANTA TERESA DE JESUS;1
147;30;03;ESCUELA URBANA MIXTA LA CANDELARIA;1
148;31;01;I.E.D. JOSE BENITO BARROS PALO;1
149;31;02;COL. ARCESIO CALIS AMADOR;1
150;31;03;ESC. URBANA MIXTA LAS PALMAS SEDE No 2;1
151;32;01;COLEGIO MARCO FIDEL SUAREZ;1
152;33;01;CARCEL DEL CIRCUITO;1
153;34;01;AGUAESTRADA;1
154;34;05;ALGARROBAL;1
155;34;07;BARRANCO DE CHILLOA;1
156;34;09;BOTILLERO;1
157;34;11;BELEN;1
158;34;13;CA¥O DE PALMA;1
159;34;17;EL CEDRO;1
160;34;20;EL CERRITO;1
161;34;21;EL TREBOL;1
162;34;22;GARZON;1
163;34;25;HATILLO DE LA SABANA;1
164;34;29;LOS NEGRITOS (BASTIDAS);1
165;34;35;MATA DE CA¥A;1
166;34;36;PUEBLO NUEVO;1
167;34;37;MENCHIQUEJO;1
168;34;38;FELIPE EDUARDO;1
169;34;39;SAN JOSE;1
170;34;40;SAN ROQUE;1
171;34;41;TAMALAMEQUITO;1
172;34;45;SABANAS DE MALPICA;1
173;34;46;SAN EDUARDO;1
174;35;00;PUESTO CABECERA MUNICIPAL;1
175;36;01;CAMPOALEGRE;1
176;36;05;CANTAGALLAR;1
177;36;09;CARRETO;1
178;36;10;LAS PAVITAS;1
179;36;13;PLAYON DE OROZCO;1
180;36;17;SABANAS;1
181;36;21;SAN BASILIO;1
182;36;25;TIO GOLLO;1
183;36;43;VASQUEZ;1
184;36;45;VERANILLO;1
185;37;00;PUESTO CABECERA MUNICIPAL;1
186;38;40;LA COLOMBIA;1
187;38;70;SAN SEBASTIAN DEL BONGO;1
188;39;01;PARQUE 7 DE AGOSTO;1
189;39;02;IE COLOMBIA;1
190;39;03;IED FUNDACION;1
191;40;01;I.E. JHON F. KENNEDY 16 DE JULIO;1
192;40;02;C.D.I. LA LUZ;1
193;40;03;I.E.DEPTAL FCO DE PAULA SANTA;1
194;41;01;JHON F. KENNEDY PPAL;1
195;42;09;DO¥A MARIA;1
196;42;13;SANTA ROSA DE LIMA;1
197;42;40;SACRAMENTO;1
198;42;80;SANTA CLARA;1
199;43;00;PUESTO CABECERA MUNICIPAL;1
200;44;01;GUAIMARAL;1
201;44;02;BELLAVISTA;1
202;44;03;CASA DE TABLA;1
203;44;04;LAS FLORES;1
204;44;05;HATOVIEJO;1
205;44;06;PEDREGOZA (LA RINCONADA);1
206;44;07;LOS ANDES;1
207;44;08;LA CEIBA;1
208;44;09;MURILLO;1
209;44;10;PAJARAL;1
210;44;11;PARACO;1
211;44;13;PAMPAN;1
212;44;15;PLAYAS BLANCAS;1
213;44;17;RICAURTE;1
214;44;21;SALVADORA;1
215;44;22;SAN ANTONIO;1
216;44;23;SAN ISIDRO;1
217;44;24;SAN PEDRO;1
218;44;25;URQUIJO;1
219;44;45;SANTA TERESITA;1
220;44;50;SITIONUEVO;1
221;44;70;VILLANUEVA;1
222;45;00;PUESTO CABECERA MUNICIPAL;1
223;46;07;EL BAJO;1
224;46;14;LAS TINAS;1
225;46;15;LA GLORIA;1
226;46;16;LOS ANDES;1
227;46;40;SAN JOSE DE BALLESTEROS;1
228;47;00;PUESTO CABECERA MUNICIPAL;1
229;48;01;BAHIAHONDA;1
230;48;09;BOMBA;1
231;48;25;GUAQUIRI;1
232;48;29;HEREDIA;1
233;49;00;PUESTO CABECERA MUNICIPAL;1
234;50;10;CABRERA;1
235;50;15;CASA BLANCA;1
236;50;16;EL BRILLANTE;1
237;50;18;EL DIVIDIVI;1
238;50;20;FILADELFIA;1
239;50;25;LAS MARIAS;1
240;50;35;LAS PLANADAS;1
241;50;40;SAN JOSE DE PREVENCION;1
242;50;50;SAN MARTIN DE LA LUCHA;1
243;50;55;EL PELADERO;1
244;50;60;NUEVA HOLANDA;1
245;51;01;ESCUELA URBANA DE VARONES;1
246;51;02;COLEGIO BEATRIZ COTES;1
247;52;01;COLEGIO SIMON BOLIVAR;1
248;52;02;LICEO PIVIJAY;1
249;53;01;COLEGIO MARIA INMACULADA;1
250;54;01;MEDIA LUNA;1
251;54;06;GARRAPATA;1
252;54;09;LAS PIEDRAS;1
253;54;17;PLACITAS;1
254;54;21;LAS CANOAS;1
255;54;25;PI¥UELAS;1
256;54;29;PARAISO;1
257;54;37;CARABALLO;1
258;54;41;CHINOBLAS;1
259;54;45;AVIANCA;1
260;54;49;SALAMINITA;1
261;54;75;EL CARMEN DEL MAGDALENA;1
262;55;00;PUESTO CABECERA MUNICIPAL;1
263;56;01;BOCAS DE ARACATACA;1
264;56;04;ISLA DE CATAQUITA;1
265;56;05;ISLA DEL ROSARIO;1
266;56;09;TASAJERAS;1
267;56;10;TIERRA NUEVA;1
268;56;15;NUEVA FRONTERA;1
269;56;20;PALMIRA;1
270;56;40;SAN JUAN DE PALOS PRIETO;1
271;57;00;PUESTO CABECERA MUNICIPAL;1
272;58;09;CORRALVIEJO;1
273;58;10;EL DIVIDIVI;1
274;58;11;MARTINETE;1
275;58;13;KIOSCO COMUNAL DE SANTA RITA;1
276;58;17;SAN RAFAEL DE BUENAVISTA;1
277;58;20;EL SALADO;1
278;58;30;SAN JOSE DE LAS CASITAS;1
279;59;00;PUESTO CABECERA MUNICIPAL;1
280;60;10;CASA DE TABLAS;1
281;60;11;ESTACION VILLA;1
282;60;15;EL MANANTIAL;1
283;60;20;CESPEDES;1
284;60;25;FLORES DE MARIA;1
285;60;30;SAN ROQUE (LAS MULAS);1
286;60;33;ALBERTO CABALLERO;1
287;60;40;RESGUARDO INDIGENA ISSA ORISTUNA;1
288;60;45;BRASIL 1;1
289;60;55;PUEBLITO DE LOS BARRIOS;1
290;61;00;PUESTO CABECERA MUNICIPAL;1
291;62;01;GUAIMARO;1
292;63;00;PUESTO CABECERA MUNICIPAL;1
293;64;01;ANGOSTURA;1
294;64;02;BERMEJAL;1
295;64;03;JANEIRO;1
296;64;04;EL HORNO;1
297;64;05;LA MONTA¥A (LOS SACUDIDOS);1
298;64;09;EL PALOMAR;1
299;64;11;GUINEA;1
300;64;13;PE¥ONCITO;1
301;64;15;PUERTO ARTURO;1
302;64;17;SANTA TERESA;1
303;65;00;PUESTO CABECERA MUNICIPAL;1
304;66;05;BARRO BLANCO;1
305;66;10;GERMANIA;1
306;66;11;JARABA;1
307;66;25;SAN FERNANDO;1
308;66;30;PUERTO LIMON;1
309;66;50;SANTA ROSA;1
310;67;00;PUESTO CABECERA MUNICIPAL;1
311;68;05;CARRETAL;1
312;68;10;CIENEGUETA;1
313;68;15;CUNDINAMARCA;1
314;68;30;MONTELIRIO;1
315;68;41;SAN PEDRO;1
316;68;80;VELADERO;1
317;69;00;PUESTO CABECERA MUNICIPAL;1
318;70;01;BUENAVISTA;1
319;70;05;NUEVA VENECIA (EL MORRO);1
320;70;09;PALERMO;1
321;70;15;SAN ANTONIO;1
322;71;00;PUESTO CABECERA MUNICIPAL;1
323;72;04;EL CONSUELO;1
324;72;05;EL JUNCAL;1
325;72;07;MANUEL BARRIOS;1
326;72;13;REAL DEL OBISPO;1
327;72;16;SAN ANTONIO;1
328;72;17;SAN LUIS;1
329;72;70;SANTA INES;1
330;72;85;VERDUN;1
331;73;00;PUESTO CABECERA MUNICIPAL;1
332;74;05;EL BONGO;1
333;74;10;CA¥O DE AGUAS;1
334;74;15;CAPUCHO;1
335;74;18;CERRITOS;1
336;74;20;PIEDRAS DE MOLER;1
337;74;25;PIEDRAS PINTADAS;1
338;75;01;IED JOSE BENITO VIVES DE ANDREIS;1
339;75;02;IED JOSE BENITO V DE A SD ESC R DE VARON;1
340;76;15;CANDELARIA;1
341;76;20;LA GRAN VIA;1
342;76;23;GUACAMAYAL;1
343;76;24;IED MACONDO;1
344;76;25;GUAMACHITO;1
345;76;26;JULIO ZAWADY;1
346;76;28;ORIHUECA;1
347;76;30;PALOMAR;1
348;76;38;IE DEPTAL ARMANDO ESTRADA FLORES S;1
349;76;39;SAN JOSE DE KENNEDY;1
350;76;40;SANTA ROSALIA;1
351;76;42;SOPLADOR;1
352;76;49;TUCURINCA;1
353;76;55;CARITAL;1
354;76;75;VARELA;1
